CNES;UF;IBGE;NOME;LOGRADOURO;BAIRRO;LATITUDE;LONGITUDE
83682;11;110032;CENTRO DE SAUDE DA MULHER;AVENIDA JK;PLANALTO;-11,681;-62,684
85685;11;110020;PENITENCIARIA ESTADUAL SUELY MARIA;ANTONIO VIOLAO;ESCOLA DE POLICIA;-8,762;-63,904
109061;11;110030;UNIDADE BASICA DE SAUDE SETOR 12;AVENIDA PRESIDENTE TANCREDO NEVES;JARDIM ARAUCARIA;-12,74484;-60,16388
225266;11;110034;CENTRO DE ATENDIMENTO PARA ENFRENTAMENTO A COVID 19;RUA CARLOS GOMES;CENTRO;-11,34578;-62,28221
274984;11;110147;VIGILANCIA;RUA JOSE RODRIGUES;CENTRO;-11,817;-61,3216
468738;11;110025;UBS PEDRO BECK;AVENIDA MARECHAL RONDON;LINO ALVES TEIXEIRA;-11,17084;-61,89933
3505723;11;110140;UNIDADE BASICA DE SAUDE DO KM 74;BR 421 KM 74;ZONA RURAL;-10,34937;-63,38699
227099;11;110014;CENTRO DE ATENDIMENTO AO COVID;RUA MATO GROSSO;SETOR 13;-11,73368;-62,32072
484490;11;110013;CENTRO DE AFECCOES RESPIRATORIAS;AV TANCREDO NEVES;CENTRO;-9,42612;-62,00722
2370107;11;110004;ESTRATEGIA DE SAUDE DA FAMILIA LUIZ MOREIRA DE FREITAS;RUA FAGUNDES VARELA N;PARQUE FORTALEZA;-11,4273;-61,47039
2369958;11;110001;CENTRO DE SAUDE JORGE TEIXEIRA ALTA FLORESTA DO OESTE;AV NILO PECANHA;REDONDO;-11,93257;-61,99907
2369966;11;110001;CENTRO DE SAUDE LEONIDIO V DE LIMA ALTA FLORESTA DO OESTE;AVENIDA BRASILIA;PRINCESA IZABEL;-11,92236;-62,00345
2494183;11;110002;CENTRO DE SAUDE MUTIRAO ARIQUEMES;RUA FLORIANO PEIXOTO;MONTE CRISTO;-9,9128;-63,06358
2494191;11;110002;CENTRO DE SAUDE SETOR 09 ARIQUEMES;RUA PARANAVAI;SETOR 9;-9,93432;-63,02762
2494205;11;110002;CENTRO DE SAUDE MARECHAL RONDON ARIQUEMES;RUA ALBINE HENRIQUE;MARECHAL RONDON;-9,93158;-63,05718
2494256;11;110002;CENTRO DE SAUDE SETOR 05 ARIQUEMES;AV JARU;SETOR 05;-9,904;-63,04149
2494264;11;110002;CENTRO DE SAUDE SETOR 02 ARIQUEMES;RUA CANARIO;SETOR 02;-9,92008;-63,02404
2494272;11;110002;CENTRO DE SAUDE SETOR 06 ARIQUEMES;AVENIDA JARU;SETOR 06;-9,90335;-63,0232
2495171;11;110028;UBS CENTRO NORTE;AV SAO LUIZ;CENTRO NORTE;-11,71968;-61,77094
2495198;11;110028;UBS MARIA DE LURDES FERREIRA ROCHA CIDADE ALTA;AV CECILIA MEIRELES;CIDADE ALTA;-11,71853;-61,79924
2495295;11;110012;CENTRO DE SAUDE SAO FRANCISCO JIPARANA;RUA VILA VELHA;SAO FRANCISCO;-10,87475;-61,92685
2495309;11;110012;CENTRO DE SAUDE 2 DE ABRIL JIPARANA;RUA ANTONIO LAZARO DE MOURA;JARDIM DOS MIGRANTES;-10,87358;-61,96626
2495317;11;110012;CENTRO DE SAUDE L 1 MARINGA JIPARANA;RUA MARINGA;NOVA BRASILIA;-10,88705;-61,92477
2495325;11;110012;CENTRO DE SAUDE KM 5 JIPARANA;RUA DOS CRAVOS;SANTIAGO;-10,86257;-61,97767
2495333;11;110012;CENTRO DE SAUDE DE NOVA LONDRINA JIPARANA;RUA BAHIA;NOVA LONDRINA;-11,0614;-62,00963
2495368;11;110012;CENTRO DE SAUDE NOVA COLINA JIPARANA;RUA TANCREDO NEVES;NOVA COLINA;-10,79073;-61,69209
2495392;11;110012;CENTRO DE SAUDE PRIMAVERA;RUA PLACIDO DE CASTRO;PRIMAVERA;-10,89808;-61,93611
2495406;11;110012;CENTRO DE SAUDE NOVA BRASILIA JIPARANA;AVENIDA BRASILEIA;RIACHUELO;-10,89421;-61,92339
2495422;11;110025;C S MARIA DE FATIMA DAS CHAGAS BONFIM;RUA OTAVIO RODRIGUES DE MATOS;CENTRO;-11,16913;-61,89934
2495996;11;110002;CENTRO DE SAUDE DO GARIMPO BOM FUTURO;BR 421 LINHA C 75;ZONA RURAL;-9,81235;-63,52959
2496143;11;110025;CS POLONIA ROSSI JAVARINI PRESIDENTE MEDICE;RUA INDEPENDENCIA;CENTRO;-11,176;-61,901
2496488;11;110004;UNIDADE BASICA DE SAUDE SAO JUDAS TADEU;RUA JOSE MARQUES DE OLIVEIRA;RIOZINHO;-11,50903;-61,35804
2496283;11;110005;PSF A MARIA J N DE CARVALHO CEREJEIRAS;RUA FERNANDO DE NORONHA;SETOR A;-13,18814;-60,82726
2496518;11;110004;UNIDADE BASICA DE SAUDE NOVA ESPERANCA;RUA ANA LUCIA;NOVO CACOAL;-11,42463;-61,46175
2496895;11;110015;CENTRO DE SAUDE OURO PRETO;AV DANIEL COMBONI;J TROPICAL;-10,71897;-62,25311
2496909;11;110015;CENTRO DE SAUDE CARLOS CHAGAS;R D PEDRO II;CENTRO;-10,7106;-62,25939
2497409;11;110028;UBS ENI CORREIA DA SILVA NOVA ESTRELA;AVENIDA TANCREDO NEVES;CENTRO;-11,72685;-61,54834
2497417;11;110028;UBS BOA ESPERANCA POLICLINICA;AV PARANA;BOA ESPERANCA;-11,73701;-61,78205
2497484;11;110010;CENTRO DE SAUDE CARLOS CHAGAS GUAJARA MIRIM;AV 12 DE JULHO;TAMANDARE;-10,77642;-65,33795
2497514;11;110025;CSD ESTRELA DE RONDONIA;RUA PARANA ESQUINA COM AVENIDA PE ROMOM;DISTRITO ESTRELA DE;-11,176;-61,901
2497522;11;110025;CSD NOVO RIACHUELO;DISTRITO;ZONA RURAL;-11,176;-61,901
2515407;11;110020;PESTALOZZI;RUA LIBERO BADARO;COSTA E SILVA;-8,762;-63,904
2552965;11;110010;CENTRO ODONTOLOGICO FRANCISCA EUNICE MACIEL GUAJARA MIRIM;AV GUAPORE;PLANALTO;-10,75991;-65,31981
2651300;11;110015;CENTRO DE SAUDE ANA NERY;RUA ARY PINHEIRO;J AEROPORTO;-10,72841;-62,24988
2806886;11;110020;UNIDADE DE SAUDE DA FAMILIA JACY PARANA;SEBASTIAO GOMES NOVA JACY SENTIDO ACRE;DISTRITO JACY PARANA;-8,762;-63,904
2743574;11;110029;UNIDADE BASICA DE SAUDE DA FAMILIA DR AMAURI JOSE DA ROCHA;RUA SETE DE SETEMBRO;CENTRO;-11,90824;-61,78458
2744147;11;110175;ESF SEBASTIAO SOARES DA SILVA;LINHA P A 18 PALMA ARRUDA;ZONA RURAL;-9,863;-62,186
2743698;11;110147;UBS DISTRITO DE QUERENCIA DO NORTE PRIMAVERA DE RONDONIA;AV COSTA E SILVA;ZONA RURAL;-11,97551;-61,37672
2743833;11;110149;UNIDADE BASICA DE SAUDE OSMAR SILVA DA COSTA;BR 429 KM 75;ZONA RURAL;-12,06438;-63,62676
2744309;11;110175;ESF VERA LUCIA LUCIANO ZATESCO;LINHA MA 04 SAO MARCOS;ZONA RURAL;-9,863;-62,186
2744260;11;110150;UNIDADE DE SAUDE NOVO PLANALTO;LINHA 14 KM 12;DISTRITO NOVO PLANAL;-11,90043;-63,09567
2744287;11;110149;UNIDADE BASICA DE SAUDE ROMANA ISABEL SILVA DE PAULA;RODOVIA RO 377 KM 16;ZONA RURAL;-12,062;-63,569
2744295;11;110180;POSTO DE SAUDE DAMIANA BORGES AMORIM;DISTRITO DE SANTA ROSA;ZONA RURAL;-10,449;-62,134
2744325;11;110150;UNIDADE DE SAUDE DA FAMILIA BOM SUCESSO;LINHA 12 KM 9;ZONA RURAL;-11,82531;-62,92306
2744368;11;110148;UBS NOVO PARAISO;RUA 05;NOVO PARAISO;-11,92056;-61,51166
2744376;11;110032;UNIDADE BASICA DE SAUDE IRMA ILZA ELIAS;RUA NOROESTE;NOVO ORIENTE;-11,681;-62,684
2789418;11;110030;UNIDADE BASICA DE SAUDE INDUSTRIAL;AVENIDA TIRADENTES;INDUSTRIAL;-12,74776;-60,1228
2789396;11;110030;UNIDADE BASICA DE SAUDE AFONSO MANSUR DE FRANCA;AVENIDA BRIGADEIRO EDUARDO GOMES;JARDIM ELDORADO;-12,74082;-60,12291
2789426;11;110030;UNIDADE BASICA DE SAUDE LEONARDO ALVES DE SOUZA;RUA ANTONIO EXTEKOETTER;ALTO ALEGRE;-12,72959;-60,10991
2806975;11;110003;CENTRO DE SAUDE SAO FRANCISCO;AV TUPINAMBAS;CENTRO;-13,49512;-60,541
2802988;11;110011;CENTRO DE SAUDE PROF JULIA RAFAEL DO NASCIMENTO BOM JESUS;RUA PIAUI;NUAR BOM JESUS;-10,44104;-62,45788
2803178;11;110006;UNIDADE BASICA DE SAUDE NATALIA FABIANO LOPES;AVENIDA GUAPORE;SANTA LUZIA;-13,11712;-60,54765
2803097;11;110007;JOSE DANTAS DE MELO VERDE SERINGAL;AVENIDA OLAVO PIRES;DISTRITO ALTO GUARAJ;-12,962;-60,887
2803119;11;110007;UNIDADE BASICA DE SAUDE VERDE SERINGAL;LINHA 07 KM 25;ZONA RURAL;-12,962;-60,887
2803194;11;110007;UNIDADE BASICA DE SAUDE ADAO ANTONIO DA COSTA;VITORIA DA UNIAO;ZONA RURAL;-13,0086;-61,12764
2803232;11;110008;CENTRO DE SAUDE SAO DOMINGOS;BR 429 KM 058;ZONA RURAL;-12,07737;-64,02698
2803070;11;110013;UBS IZAIAS DIAS;AVENIDA TANGARA ST04;BOM FUTURO E UNIAO;-9,42392;-61,99825
2806630;11;110045;CENTRO DE SAUDE DE BURITIS BURITIS;RUA IBIARA ESQ COM AVENIDA PORTO VELHO;SETOR 03;-10,20679;-63,82821
2806509;11;110110;UBS EDSON CAVALHEIRO;RUA TANCREDO NEVES;CENTRO;-9,18565;-63,18782
2806614;11;110100;CENTRO DE SAUDE COLINA VERDE GOV JORGE TEIXEIRA;PROJETO COLINA VERDE;ZONA RURAL;-10,61;-62,737
2806657;11;110011;CENTRO DE SAUDE DR APOLINARIO GOMES DA SILVA JARU;RUA RICARDO CANTANHEDE;SETOR 3;-10,439;-62,466
2806533;11;110013;UBS 5 BEC;RUA VISCONDE DO RIO BRANCO;DISTRIO 5 BEC;-9,4406;-62,0034
2806959;11;110003;CENTRO DE SAUDE SAMARITANO;LINHA 8 KM 14 R COLORADO;ZONA RURAL;-13,37414;-60,41508
2806827;11;110006;UNIDADE BASICA DE SAUDE JOIS ANTONIO DE SOUZA;RUA MATO GROSSO;CENTRO;-13,10519;-60,54135
2806819;11;110033;CENTRO DE SAUDE DIOLIRIO JOSE DE OLIVEIRA;AV RIO DE JANEIRO;CENTRO;-10,411;-65,331
2806851;11;110009;CENTRO DE SAUDE ARLINDO CRISTO;RUA ALAGOAS;CENTRO;-11,53299;-61,01665
2806878;11;110013;UBS CAMILA LIMA GERONIMO;AV TANCREDO NEVES;CENTRO;-9,4262;-62,00821
2806932;11;110011;CENTRO DE SAUDE OSVALDO CRUZ JARU;RUA RIO DE JANEIRO;SETOR 02;-10,4429;-62,47058
2806746;11;110011;UNIDADE DE SAUDE DA FAMILIA DIF IZALTINO LOPES DE ANDRADE;RUA SAULO DA CUNHA;ZONA RURAL;-10,85992;-62,80224
2806894;11;110011;CENTRO DE SAUDE JOAO CASTRO LACERDA JARU;RUA SEBASTIAO CABRAL DE SOUZA;SETOR 4;-10,4464;-62,47621
2806983;11;110034;CENTRO DE SAUDE SAO MARCOS ALVORADA DO OESTE;AV 5 DE SETEMBRO;CENTRO;-11,408;-62,389
2807254;11;110013;UBS JORGE BALBINO DE OLIVEIRA;LINHA MA 35 KM 38;ZONA RURAL;-9,43014;-61,99079
2807289;11;110160;ESF PALMARES DO OESTE THEOBROMA;VILA PALMARES DO OESTE;ZONA RURAL;-10,02929;-62,34964
2807912;11;110040;POSTO DE SAUDE ALTO ALEGRE;LINHA C 85 TB 0;ZONA RURAL;-9,72201;-63,3165
3505642;11;110140;UNIDADE BASICA DE SAUDE SANTA LUCIA;BR 421 KM 25;ZONA RURAL;-10,10813;-63,23044
2808080;11;110092;UNIDADE SAUDE DA FAMILIA ATAIDE JOSE DA SILVA;RUA J RIBEIRO;ZONA RURAL;-12,55869;-60,90486
3179362;11;110011;UNIDADE DE SAUDE DA FAMILIA RUTE DE SOUZA DE OLIVEIRA JARU;RUA RIO DE JANEIRO;SETOR 7;-10,4429;-62,47058
3327965;11;110006;UNIDADE BASICA ENFER JOSE RONALDO DOS SANTOS SOUZA;RUA MARANHAO;SAO JORGE;-13,11827;-60,53647
3401901;11;110012;CENTRO DE SAUDE DOM BOSCO;RUA MATO GROSSO;DOM BOSCO;-10,86519;-61,9415
2495201;11;110028;UBS BOM JARDIM;AV PARANA;BOA ESPERANCA;;
2495899;11;110028;UNIDADE SAUDE DA FAMILIA VITAL BRASIL ROLIM DE MOURA;AVN PARANA;BOA ESPERANCA;;
2496526;11;110004;UBS PRINCESA ISABEL;RUA ARISTEDES FERREIRA N;INCRA;-11,44634;-61,43166
3459411;11;110028;UBS JARDIM TROPICAL;TRAVESSA SAFIRAS;JARDIM TROPICAL;-11,73143;-61,76596
3505731;11;110140;UNIDADE BASICA DE SAUDE SETOR 04;AVENIDA DOIS;SETOR 4;-10,24993;-63,30224
2715961;11;110028;UNIDADE BASICA SAUDE ALBERT SABIN;RUA RIO MADEIRA;CENTRO;;
3604519;11;110020;CASA DE DETENCAO DR JOSE MARIO ALVES DA SILVA;ESTRADA DA PENAL;ZONA RURAL;-8,63686;-63,68084
3639991;11;110120;CENTRO DIFERENCIADO DE SAUDE JOAO PAULO;RUA MARTINHO LUTERO;CENTRO;-11,19657;-61,51844
2807211;11;110020;POSTO ASSIS MED ENIO PINHEIRO;ESTRADA DA PENAL;LINHA 28;;
2889692;11;110004;CENTRAL COVID;FAGUNDES VARELA;PARQUE FORTALEZA;-11,4272;-61,47069
2960605;11;110005;EQUIPE DE SAUDE BUCAL PSF FELIZ;RUA FERNANDO DE LOTE 5 2;FLORESTA;-13,20055;-60,82774
3013391;11;110014;CENTRO DE SAUDE DA MULHER;AVENIDA JK;SETOR 14;-11,72654;-62,31424
3727718;11;110028;CASA DE PRISAO SEMI ABERTO ROLIM DE MOURA;RUA BARAO DE MELGACO;PLANALTO;-11,73184;-61,77952
3727750;11;110028;CASA DE DETENCAO ROLIM DE MOURA;RUA JAMARI;SAO CRISTOVAO;-11,72906;-61,78563
5599938;11;110070;UNIDADE BASICA DE SAUDE DISTRITO TRES COQUEIROS;BR 421 KM 135;ZONA RURAL;-10,44363;-63,96772
5599970;11;110070;UNIDADE BASICA DE SAUDE PACAAS NOVOS;AVENIDA 15 DE OUTUBRO;SETOR 1;-10,5687;-63,62236
3944182;11;110004;UNIDADE DE SAUDE DA FAMILIA EDMUR JOSE MARCHIOLI;RUA TRAVESSA 1;LIBERDADE;-11,44568;-61,44712
3945286;11;110002;CENTRO DE SAUDE 25 DE DEZEMBRO;AVENIDA CANAA;PQ DAS GEMAS;-9,91338;-63,01641
4000226;11;110006;UNIDADE BASICA DE SAUDE LUIZA MAURICIO SIMOES;RUA GUARANI;CENTRO;-13,11785;-60,54042
4003241;11;110147;UNIDADE BASICA DE SAUDE MANOEL DE LARA;RUA JOSE RODRIGUES;CENTRO;-11,817;-61,3216
5025184;11;110013;UBS GLEBA 04;RO133 DISTRITO ESTRELA AZUL;ZONA RURAL;-9,44339;-61,98164
5039258;11;110008;CENTRO DE SAUDE LIMOEIRO;AV LIMOEIRO;CENTRO;-12,44258;-64,22953
3505677;11;110140;UNIDADE BASICA DE SAUDE VILA MASSANGANA;LINHA C 50;ZONA RURAL;-10,03749;-63,33355
2497476;11;110010;CENTRO DE SAUDE SANDOVAL MEIRA GUAJARA MIRIM;RUA JOSE BONIFACIO;SERRARIA;-10,7803;-65,32923
2497638;11;110010;CENTRO DE SAUDE IRMA M AGOSTINHO GUAJARA MIRIM;AVENIDA CORONEL ALUIZIO FERREIRA;10 DE ABRIL;-10,77463;-65,32273
5141176;11;110045;UNIDADE DE ESF NOVA PORTO VELHO BURITIS;RUA PADRE FIOVO CAMAINHONE ESQ GUANABARA;SETOR 08;-10,21712;-63,83336
5184843;11;110050;CENTRO DE SAUDE NOVO HORIZONTE;RUA CARLOS GOMES;CENTRO;-11,71334;-61,99714
5296773;11;110149;UNIDADE BASICA DE SAUDE AUGUSTO RODRIGUES DOS SANTOS;RUA RONALDO ARAGAO;CENTRO;-12,062;-63,569
5312345;11;110140;UNIDADE BASICA DE SAUDE LINHA C 35;BR 421 LINHA C 35;ZONA RURAL;-10,11882;-63,31909
5339634;11;110140;UNIDADE BASICA DE SAUDE SETOR 02;RUA BRAULINO PEREIRA GOMES;SETOR 02;-10,25996;-63,30181
3868885;11;110013;UBS UNIAO;AV TANGARA;BOM FUTURO;-9,42773;-61,99336
5426987;11;110015;CENTRO DE SAUDE BELA FLORESTA;RUA PADRE ADOLFO ROHL;BELA FLORESTA;-10,72724;-62,25974
5427010;11;110015;CENTRO DE SAUDE COHAB;AV JORGE TEIXEIRA;CENTRO;-10,71366;-62,27038
5427053;11;110015;CENTRO DE SAUDE RONDOMINAS;DISTRITO RONDOMINAS;CENTRO;-10,3995;-61,96564
4002253;11;110020;SISAD;AV JATUARANA;ELDORADO;;
5767970;11;110028;UBS ALBERT SABIN;AVENIDA FLORIANOPOLIS;CENTRO;-11,72309;-61,78213
5862779;11;110002;ESTRATEGIA E SAUDE DA FAMILIA RURAL;RUA CARDEAL;SETOR 2;-9,91632;-63,03404
7177720;11;110026;UNIDADE BASICA DE SAUDE EMILIO GAVIOLI;RUA SAO PAULO;SETOR 02;-9,705;-62,9
5405351;11;110140;CENTRO DE SAUDE SANTA CRUZ;BR 421 SANTA CRUZ;ZONA RURAL;;
6207448;11;110001;UNIDADE DE SAUDE EDMILSON LIMA DA SILVA;AV AMAPA;SANTA FELICIDADE;-11,92455;-61,98564
5708737;11;110028;PSF CIDADE ALTA II;AV CECILIA MERELIS;CIDADE ALTA;;
2806762;11;110090;CENTRO DE SAUDE DO DISTRITO DE JARDINOPOLIS;DISTRITO DE JARDINOPOLIS;DISTRITO DE JARDINOP;-11,49648;-61,88945
6669573;11;110025;POSTO SAUDE BNH;AV MACAPA;VITORIA REGIA;-11,176;-61,901
6712207;11;110145;UNIDADE BASICA APOLINARIO MANOEL DA CRUZ;AVENIDA BEIJA FLOR;JARDIM QUEILA;-12,18312;-61,61147
6722717;11;110100;CENTRO DE SAUDE SUED ALVES;LINHA 621 KM 65;ZONA RURAL;-10,61;-62,737
6722709;11;110100;CENTRO DE SAUDE DA MULHER GJT;TRAVESSA COPAIBA;CENTRO;-10,61335;-62,73334
6825796;11;110014;CENTRO DE SAUDE SETOR TREZE;RUA CALIFORNIA;SETOR 13;-11,73511;-62,30832
6910858;11;110148;UBS ESF OLIVIA ALVES OLIVEIRA;AVENIDA TANCREDO NEVES;CENTRO;-11,903;-61,502
383260;11;110080;UNIDADE DE ATENDIMENTO DE SINDROMES GRIPAIS;RUA AFONSO PENA;UNIAO;-8,78984;-63,69994
2493942;11;110020;UNIDADE DE SAUDE DA FAMILIA OSVALDO PIANA;AV CAMPOS SALES AO LADO DA ESCOLA PAD CHIQUINHO;AREAL;-8,762;-63,904
2494051;11;110020;CENTRO DE SAUDE AREAL DA FLORESTA PORTO VELHO;RUA CEPETIBA;AREAL DA FLORESTA;-8,762;-63,904
2494531;11;110020;UNIDADE DE SAUDE DA FAMILIA NOVA FLORESTA;RUA JOAO PAULO I COM CAMPOS SALES;NOVA HORIZONTE;-8,762;-63,904
2494558;11;110020;UNIDADE DE SAUDE DA FAMILIA RONALDO ARAGAO;ESTRADA DO BELMONT;NACIONAL;-8,73247;-63,90775
7022484;11;110160;ESF URBANO;AV 13 DE FEVEREIRO;CENTRO;-10,24496;-62,35052
2802716;11;110020;UNIDADE DE SAUDE DA FAMILIA DR RENATO MEDEIROS;RUA MAGNO ASSOLINO;CIDADE DO LOBO;-8,762;-63,904
2802961;11;110020;UNIDADE DE SAUDE DA FAMILIA NOVA CALIFORNIA;RUA ITAPORA ENTRE RUAS GUARANI E ALTANEIRA;DIST NOVA CALIFONIA;-8,762;-63,904
2806541;11;110020;UNIDADE DE SAUDE DA FAMILIA ABUNA;AV BARAO DO RIO BRANCO;DISTRITO ABUNA;-8,762;-63,904
2806568;11;110020;UNIDADE DE SAUDE DA FAMILIA AGENOR DE CARVALHO PORTO VELHO;RUA VICTO FERREIRA MANAHIBA;AGENOR DE CARVALHO;-8,762;-63,904
2806576;11;110020;UNIDADE DE SAUDE DA FAMILIA BENJAMIM SILVA;CALAMA;DISTRITO CALAMA;-8,23911;-63,18008
2806592;11;110020;UNIDADE DE SAUDE DA FAMILIA CALADINHO;RUA TANCREDO NEVES AO LADO DE ESCOLA;CALADINHO;-8,762;-63,904
2806622;11;110020;UNIDADE DE SAUDE DA FAMILIA JOSE GOMES FERREIRA;CUJUBIM GRANDE;DISTRITO CUJUBIM GRA;-8,762;-63,904
2806649;11;110020;UNIDADE DE SAUDE DA FAMILIA DE EXTREMA;EXTREMA SENTIDO BR 364 SENTIDO ACRE;DISTRITO EXTREMA;-8,762;-63,904
2806673;11;110020;UNIDADE DE SAUDE DA FAMILIA NOVA MUTUM;AV GIRAU COM ABUNA BR 364 SENTIDO ACRE;DIST MUTUM PARANA;-8,762;-63,904
2806789;11;110020;UNIDADE DE SAUDE DA FAMILIA ERNANDE C COUTINHO;AV MAMORE AO LADO DAS ESC MAE ESPERANCA E DACY RIB;ESP DA COMUNIDADE;-8,762;-63,904
2806797;11;110020;UNIDADE DE SAUDE DA FAMILIA FORTALEZA DO ABUNA;FORTALEZA DO ABUNA BR 364 SENTIDO ACRE;DIST FORTALEZA DO AB;-8,762;-63,904
2806908;11;110020;UNIDADE DE SAUDE DA FAMILIA MARIA N DA SILVA;PAULISTA BAIXO MADEIRA;DISTRITO NAZARE;-8,762;-63,904
2806916;11;110020;CENTRO DE SAUDE MAURICIO BUSTANI;RUA HERBET DEAZEVEDO;LIBERDADE;-9,72642;-63,31895
2806967;11;110020;UNIDADE DE SAUDE DA FAMILIA SAO CARLOS;BAIXO MADEIRA;DISTRITO SAO CARLOS;-8,762;-63,904
2806991;11;110020;UNIDADE DE SAUDE DA FAMILIA VISTA ALEGRE DO ABUNA;JOAO LEANDRO BARBOSA COM JOAO BARTOLOSO;DIST VISTA ALEGRE DO;-8,762;-63,904
2807424;11;110020;UNIDADE DE SAUDE DA FAMILIA MARIA CAMELO DE OLIVEIRA;ESTRADA DA PENAL LINHA 28 AO LADO DA ASSOCIACAO;ZONA RURAL;-8,762;-63,904
2808153;11;110020;UNIDADE DE SAUDE DA FAMILIA RIO DAS GARCAS;RIO DAS GARCAS BR 364 KM SENTIDO ACRE ESTRADA VICINAL;DISTRITO RIO DAS GAR;-8,762;-63,904
6910866;11;110148;UBS COMUNIDADE SAO JOAO;LINHA 45 KM;ZONA RURAL;-11,903;-61,502
7139071;11;110012;CASA DE DETENCAO DE JI PARANA PRESIDIO CENTRAL;AV 2 DE ABRIL;URUPA;-10,87817;-61,95534
3521532;11;110020;UNIDADE DE SAUDE DA FAMILIA UNIAO BANDEIRANTES;AV MARILDO CORDEIRO COM AIRTON SENNA;DIST UNIAO BANDEIRAN;-8,762;-63,904
7179685;11;110005;CENTRO SAUDE ANIZIA BORGES PSF D CEREJEIRAS PSF G;RUA RONDONIA;CENTRO;-13,20024;-60,82003
7200706;11;110155;UNIDADE BASICA DE SAUDE ESTER DA SILVA ZOTESSO;RUA DUQUE DE CAXIAS;CENTRO;-10,932;-62,25717
7210825;11;110175;ESF URBANO;AVENIDA PRESIDENTE DUTRA;CENTRO;-9,863;-62,186
5695880;11;110020;UNIDADE DE SAUDE DA FAMILIA APONIA;RUA ANDREIA;APONIA;-8,74174;-63,85633
5822793;11;110020;UNIDADE DE SAUDE DA FAMILIA DE SAO SEBASTIAO;CASTRO ALVES A0 LADO DA ESCOLA SEMENTE DO ARACA;SAO SEBASTIAO 1;-8,762;-63,904
6021999;11;110020;UNIDADE DE SAUDE DA FAMILIA VILA PRINCESA;BR 364 SENTIDO ACRE VILA PRINCESA;VILA PRINCESA;-8,762;-63,904
6246524;11;110020;UNIDADE DE SAUDE DA FAMILIA SANTO ANTONIO;ESTRADA SANTO ANTONIO;TRIANGULO;-8,80401;-63,92723
2496496;11;110004;UNIDADE BASICA DE SAUDE CRISTO REI;RUA ANTONIO DE PAULA NUNES N 3441;FLORESTA;-11,43832;-61,4349
7289677;11;110020;CRIE RONDONIA;AVENIDA JORGE TEIXEIRA;INDUSTRIAL;-8,75367;-63,88724
6386512;11;110020;UNIDADE DE SAUDE DA FAMILIA MARIANA;ROSALINA GOMES;MARIANA;-8,77147;-63,82076
6582915;11;110020;UNIDADE DE SAUDE DA FAMILIA DE ALIANCA;ESTRADA DA PENAL AO LADO DA ESC CHIQUILITO ERSE;ESTRADA DA PENAL;-8,762;-63,904
6670547;11;110020;UNIDADE DE SAUDE DA FAMILIA HAMILTON RAULINO GONDIN;JOSE AMADOR DOS REIS;TANCREDO NEVES;-8,75909;-63,83854
6670814;11;110020;UNIDADE DE SAUDE DA FAMILIA JOSE ADELINO DA SILVA;ORION AO LADO DO COMANDO DE POLICIA;ULISSES GUIMARAES;-8,762;-63,904
7171919;11;110010;CASA DE DETENCAO DE GUAJARA MIRIM;AV MASCARENHA DE MORAIS;10 DE ABRIL;;
7416695;11;110045;CENTRO DE SAUDE SAO GABRIEL;RUA HELENITA FERREIRA DE SOUZA;SETOR 01;-10,21114;-63,83273
7447213;11;110029;UNIDADE DE SAUDE DA FAMILIA CLEMENTINA DALLA COSTA;AV TANCREDO DE ALMEIDA NEVES;CENTRO;-11,90861;-61,7692
7270860;11;110020;UNIDADE DE SAUDE DA FAMILIA JOANA DARC;ASSENTAMENTO JOANA DARC BR 319 VILA FRANCISCANA;ZONA RURAL;-8,762;-63,904
7449100;11;110146;UNIDADE BASICA DE SAUDE JUSTINO MACIEL LEITE;RIO GRANDE DO SUL;CENTRO;-13,48212;-61,04856
7280408;11;110020;UNIDADE DE SAUDE DA FAMILIA RIO PARDO;VILA RIO PARDO;ASSENT RIO PARDO;-9,63059;-63,96632
7287305;11;110020;UNIDADE DE SAUDE DA FAMILIA SANTA RITA;REASENTAMENTO SANTA RITA;ZONA RURAL;-8,762;-63,904
7483309;11;110030;UNIDADE BASICA DE SAUDE SETOR 19 CARLOS ROBERTO MAZALA;RUA RIO GRANDE DO NORTE;PARQUE INDUSTRIAL NO;-12,72033;-60,13418
7499264;11;110094;UNIDADE BASICA DE SAUDE VANILDO CHAGAS HADMAN;AVENIDA MARACANA;SETOR 01;-9,36776;-62,58326
7389841;11;110030;UNIDADE BASICA DE SAUDE CRISTO REI II;AVENIDA 1511;CRISTO REI;-12,725;-60,14514
7412487;11;110030;CENTRO DE SAUDE JARDIM AMERICA;AVENIDA PRESIDENTE NASSER;JARDIM AMERICA;;
7546440;11;110013;UBS MACIEL FILISMINO DA SILVA;LH 28 DISTRITO DE ENTRE RIOS;ZONA RURAL;-9,42676;-62,00784
7928769;11;110020;UNIDADE DE SAUDE DA FAMILIA NOVO ENGENHO VELHO;BR 319 SENTIDO HUMAITA COM SAO SEBASTIAO;DIST SAO SEBASTIAO;-8,762;-63,904
7499272;11;110094;UNIDADE BASICA DE SAUDE CASTANHEIRA;BR 364 LINHA C 90 GLEBA 01;ZONA RURAL;;
7499299;11;110094;UNIDADE BASICA DE SAUDE GALO VELHO;LINHA CC 02 KM 16;ZONA RURAL;;
7520247;11;110020;AMBULATORIO MEDICO JIRAU;BR 364 KM 110 GLEBA CAP SILVIO;ZONA RUAL;;
7527128;11;110146;CENTRO DE APOIO A SAUDE DA FAMILIA;RUA FRANCISCO MENDES NERY;CENTRO;;
7528728;11;110005;PSF H;RUA JO SATO;CENTRO;;
7574614;11;110180;PSF URBANO;AVENIDA PARAISO;SETOR IV;;
2784661;11;110030;UNIDADE BASICA DE SAUDE VITALINA GENTIL DOS SANTOS;AVENIDA CAPITAO CASTRO;CENTRO;-12,72785;-60,12005
7687613;11;110020;AMBULATORIO DE ASSISTENCIA MEDICA PATRONAL ESBR;BR;DISTRITO JACI PARANA;-8,762;-63,904
7693893;11;110012;PENITENCIARIA REGIONAL DR AGENOR MARTINS DE CARVALHO;ESTRADA DO NAZARE;ZONA RURAL;-10,85866;-61,8812
9577866;11;110020;UNIDADE DE SAUDE DA FAMILIA CASTANHEIRAS;PAU FERRO;CASTANHEIRA;-8,762;-63,904
7658141;11;110045;CENTRO DE RESSOCIALIZACAO JONAS FERRETI;ESTRADA PROJETADA;ZONA RURAL;;
7764618;11;110002;CENTRO DE SAUDE JARDIM ALVORADA;RUA LISBOA;JARDIM ALVORADA;-9,88944;-63,01683
7863799;11;110180;UBS ANA REGINA CORDEIRO;RUA GIRASSOL;SETOR 01;-10,449;-62,134
7846061;11;110020;AMBULATORIO SANTO ANTONIO ENERGIA SEA;CANTEIRO DE OBRAS UHE SANTO ANTONIO M ESQUERDA;ZONA RURAL;-8,762;-63,904
7984383;11;110008;UBS ANTONIO CARVALHO E SILVA;AV CHIANCA;SETOR 03;-12,43297;-64,23025
7988699;11;110149;UNIDADE BASICA DE SAUDE ANESTINO DE ALMEIDA;RUA TIRADENTES;ALTO ALEGRE;-12,05741;-63,57052
9005234;11;110100;UNIDADE BASICA DE SAUDE IVANICIO JOAQUIM DE SANTANA;TRAVESSA COPAIBA;CENTRO;-10,61335;-62,73334
9035656;11;110149;UNIDADE BASICA DE SAUDE JUCEMAR MIGUEL;LINHA 04 KM 25;ZONA RURAL;-12,062;-63,569
9277927;11;110045;UNIDADE BASICA DE SAUDE SETOR 04;RUA PARECIS;SETOR 04;-10,20073;-63,8314
9300872;11;110002;CLINICA DIAGNOSTICA MENEZES ICARI;AL PIQUIA;SETOR 01;-9,91471;-63,03557
9316205;11;110025;U B S ERNANDES GONCALVES;RUA INDEPENDENCIA;ERNANDES GONCALVES;-11,176;-61,901
9389784;11;110002;LABORATORIO DE ANALISES E CLINICAS;ALAMEDA DO IPE;SETOR 01;-9,91371;-63,03496
9489371;11;110004;UBS MORADA DO BOSQUE;R PIONEIRA MARIA APARECIDA SCHER DA SILVA;MORADA DO BOSQUE;-11,4158;-61,44943
9519637;11;110149;UNIDADE BASICA DE SAUDE SEBASTIAO LEITE DA SILVA;LINHA 06 KM 16;ZONA RURAL;-12,062;-63,575
9531491;11;110004;UBS HABITAR BRASIL;BENICIO JOSE PINTO 2605;HABITAR BRASIL;-11,42271;-61,47837
9565671;11;110009;UNIDADE BASICA DE SAUDE GEBALDO DOS REIS;RUA PARAIBA;CIDADE ALTA;-11,51758;-61,01247
9612548;11;110120;UNIDADE DE SAUDE ELOI DE LIMA MACHADO;RUA BAHIA;JARDIM AMERICA;-11,196;-61,517
9619437;11;110001;CEMAS CENTRO MULTIPLO DE ATENCAO A SAUDE;AV RIO DE JANEIRO;CENTRO;-11,93101;-61,98862
9671668;11;110004;UBS MARINA DONARIA DE LIMA DIVINOPOLIS;LINHA 14 KM 25LOTE 06 GBEBA 14;RURAL;-11,30905;-61,18651
9725261;11;110012;UNIDADE BASICA DE SAUDE SAO BERNARDO;RUA DO CIPO;SAO BERNARDO;-10,85546;-61,96703
9803742;11;110010;CASA DE DETENCAO DE GUAJARA MIRIM;AV MASCARENHA DE MORAIS;10 DE ABRIL;-10,77838;-65,32295
2806606;11;110011;UNIDADE DE SAUDE DA FAMILIA CARLOS CHAGAS JARU;RUA PADRE ADOLPHO ROHL;SETOR 5;-10,42613;-62,47621
6223419;11;110170;UBS FRANCISCO RAMIRES;BEM TI VI;SUMAUMA;-11,13106;-62,36685
9890483;11;110145;PSF RURAL;LINHA P 6;ZONA RURAL;-12,1818;-61,60418
9948929;11;110006;UNIDADE BASICA DE SAUDE UBS FRANCISCO EMIDIO DE ALMEIDA;AV RIO MADEIRA;MINAS GERAIS;-13,1278;-60,53387
9975616;11;110020;SERVICOS DE PRATICAS INTEGRATIVAS E COMPLEMENTARES EM SAUDE;ANTONIO LOURENCO PEREIRA LIMA;EMBRATEL;-8,762;-63,904
9978739;11;110025;CENTRO DE FISIOTERAPIA PRESIDENTE MEDICI;RUA OTAVIO RODRIGUES DE MATOS;CENTRO;-11,16915;-61,89935
9979107;11;110012;RESIDENCIAL TERAPEUTICO;RUA PORTO VELHO;CASA PRETA;-10,86312;-61,94333
9979611;11;110004;UBS CLEIDE GOMES ALPHA PARQUE;AV NAPOLEAO FERREIRA VIEIRA;ALPHA PARQUE;-11,42663;-61,42074
2803143;11;110037;UNIDADE BASICA DE SAUDE FLOR DA SERRA;AV EZEQUIEL ALVES PEREIRA C RUA DUQUE DE CAXIAS;URBANO DISTRITO;-12,128;-61,851
5583624;11;110037;UNIDADE BASICA DE SAUDE LH P 44;LH P 44 KM 01;RURAL;-12,128;-61,851
6050468;11;110037;UNIDADE BASICA DE SAUDE JARDIM DAS PALMEIRAS;AVENIDA RONDONIA;JARDIM DAS PALMEIRAS;-12,128;-61,851
7328613;11;110037;UNIDADE BASICA DE SAUDE VISTA ALEGRE;AVENIDA PRESIDENTE PRUDENTE;VISTA ALEGRE;-12,13449;-61,85545
7101287;11;110150;UNIDADE DE SAUDE DA FAMILIA NOVA VIDA;RUA QUINZE DE NOVEMBRO;CRISTO REI;-11,76915;-63,03301
7203985;11;110034;UNIDADE BASICA DE SAUDE GERALDO DIAS FRANCA;RUA CENTRAL;ALTO ALEGRE;-11,3338;-62,276
3447553;11;110018;ALA DE DETENCAO DE PIMENTA BUENO;RUA COSTA MARQUES;PIONEIROS;-11,67476;-61,18677
6988296;11;110004;UNIDADE DE SAUDE DA FAMILIA JOAQUIM GONCALVES LEDO;RUA SANTO ANDRE N 1729;JARDIM INDUSTRIAL;-11,43952;-61,45709
2743736;11;110092;UNIDADE SAUDE DA FAMILIA SALETE CORDEIRO;RUA ODETE ALVES;ZONA RURAL;-12,2353;-60,68976
2743558;11;110092;UNIDADE SAUDE DA FAMILIA CLEMENTE MEURER;RUA CARLOS GOMES;ZONA RURAL;-12,29806;-61,04817
5599989;11;110070;UNIDADE BASICA DE SAUDE DISTRITO VILA UNIAO;LINHA C 18;ZONA RURAL;-10,34101;-63,65491
6670709;11;110020;CENTRO DE SAUDE MANOEL AMORIM DE MATOS;RUA ANGICO;COHAB FLORESTA;-8,79324;-63,8781
7459521;11;110090;UBS UNIDADE BASICA DE SAUDE ALBINO ALVES DA SILVA;RUA V 8;VISTA ALEGRE;-11,42945;-61,94546
7332955;11;110010;CASA DE APOIO A SAUDE INDIGENA DE GUAJARA MIRIM RO;AV PRINCESA IZABEL;10 DE ABRIL;-10,7777;-65,32003
692255;11;110012;CENTRO DE ATENDIMENTO SOCIO EDUCATIVO JI PARANA;AVENIDA TRANSCONTINENTAL;SANTIAGO;-10,88688;-61,93367
776084;11;110020;NUCLEO DE SAUDE DO TRABALHADOR NST;JACY PARANA;NOSA SENHORA DAS GRA;-8,76837;-63,89533
792179;11;110011;CENTRO DE SAUDE JOSE DA SILVA BERNARDO;RUA AGENOR LUIZ CORREA;SAVANA PARK;-10,439;-62,466
792209;11;110011;CENTRO DE SAUDE JARDIM MORUMBI;OLIVEIRA MATIAS GOMES;RESIDENCIAL JARDIM M;-10,439;-62,466
832359;11;110011;CENTRO DE SAUDE DO SETOR 07;RUA FLORIANOPOLIS;SETOR SETE;-10,43699;-62,46489
868353;11;110010;POSTO DE SAUDE ALDEIA LAGE VELHO;RAMAL LAGE VELHO;LAGE VELHO;-10,55465;-65,12146
868361;11;110010;POSTO DE SAUDE ALDEIA LAGE NOVO;RAMAL LAGE NOVO;LAGE NOVO;-10,58823;-64,78569
2495341;11;110012;CENTRO DE SAUDE BNH JIPARANA;RUA CRUZEIRO DO SUL;MARIO ANDREAZZA BNH;-10,89516;-61,91236
2495384;11;110012;CENTRO DE SAUDE JUCELINO CARDOSO DE JESUS;AV GOV JORGE TEIXEIRA;NOVA BRASILIA;-10,88022;-61,90747
2496550;11;110018;UNIDADE BASICA DE SAUDE FREI SILVESTRE PIMENTA BUENO;AV VITORIA;NOVA PIMENTA;-11,4;-61,11
2496577;11;110020;UNIDADE DE SAUDE DA FAMILIA PEDACINHO DE CHAO;AV TIRADENTES AO LADO CO COMANDO GERAL PM;PADACINHO DE CHAO;-8,762;-63,904
2496542;11;110018;UBS MADRE TEREZA DE CALCUTA PIMENTA BUENO;RUA PINHEIRO MACHADO;PIONEIROS;-11,6734;-61,18629
2496569;11;110018;UNIDADE BASICA DE SAUDE PASTOR JONAS PIMENTA BUENO;AVENIDA GILIO ALVES DA COSTA;JARDIM DAS OLIVEIRAS;-11,673;-61,193
2552108;11;110018;UBS MAURA FERREIRA;SEBASTIAO SOARES MELO;TRIANGULO VERDE;-11,69412;-61,17087
2680696;11;110010;POSTO DE SAUDE RAIMUNDO RODRIGUES;DISTRTO DO IATA;IATA;-10,6822;-65,30067
2744236;11;110170;UBS JOARI DORICO PRIMO;RUA RIO BRANCO;PRIMAVERA;-11,08774;-62,30192
2806525;11;110130;UBS DR SAMUEL PAULO THOMAS;AVN BRASIL;CENTRO;-11,03636;-62,66712
2803690;11;110034;UNIDADE BASICA DE SAUDE MONTANO PAULO DI BENEDETTO;AVENIDA MARECHAL RONDON;DIST TERRA BOA ZON;-11,28643;-62,66767
2806800;11;110033;CENTRO DE SAUDE MATUZALEM CELANTI;RUA MARACATIARA;ZONA RURAL;-10,411;-65,331
2808498;11;110130;UBS NARCISO FERREIRA;RUA PERNAMBUCO;SETOR 2;-11,03739;-62,67303
2808285;11;110034;UNIDADE BASICA DE SAUDE TANCREDO ALMEIDA NEVES;RUA JOAO FERREIRA MARTINS;DISTR TANCREDOPOLIS;-11,28643;-62,66767
2807750;11;110040;CENTRO DE SAUDE LHC 95 E 100 TB 20;RUA AZALEIA;JARDIM PRIMAVERA S;-9,72201;-63,3165
2823489;11;110034;UNIDADE BASICA DE SAUDE MARIA LUCIA RODRIGUES;AV MARECHAL DEODORO;TRES PODERES;-11,35039;-62,28063
3175286;11;110002;CENTRO DE SAUDE SETOR 10 ARIQUEMES;RUA MEXICO;SETOR 10;-9,93603;-63,01614
3179389;11;110011;CENTRO DE SAUDE MARCELINA TEREZA DE CARVALHO JARU;MARGARETH FATIMA COSTA;SETOR 08;-10,439;-62,466
3179419;11;110011;CENTRO DE SAUDE DR ANTONIO CARMONA TRESSOLDI JARU;RUA 07 DE SETEMBRO;JARDIM DOS ESTADOS;-10,439;-62,466
3961990;11;110028;PRESIDIO DE ROLIM DE MOURA;RUA H;CIDADE ALTA;-11,71141;-61,79788
4002997;11;110140;CENTRO DE SAUDE DE MONTE NEGRO;RUA CARLOS CHAGAS;CENTRO;-10,26307;-63,29633
4000889;11;110014;CENTRO DE SAUDE SULIVAN;RUA RECIFE;SETOR 14;-11,7235;-62,31648
5695899;11;110020;UNIDADE DE SAUDE DA FAMILIA SOCIALISTA;MANE GARRINCHA AO LADO DA ESC ELENILSON NEGREIROS;SOCIALISTA;-8,762;-63,904
5791790;11;110004;UNIDADE DE SAUDE DA FAMILIA VILAGE DO SOL;RUA ANTONIO SERGIO GOMES BARBOSA;VILAGE DO SOL I;-11,42501;-61,43696
7275994;11;110170;UBS TERCIO COSTA DA SILVA;AVENIDA BRASIL;NOVA ALIANCA;-11,189;-62,48785
7583540;11;110034;UNIDADE BASICA DE SAUDE POLIANE DA SILVA BARBOZA;LINHA 17 KM 54;RESERVA MARTINS PESC;-11,22246;-62,52439
7705131;11;110145;PSF LAURO;AVENIDA CARLOS GOMES COM A RUA JUDITH J OLIVEIRA;CENTRO;-12,1818;-61,60418
9427821;11;110037;UNIDADE BASICA DE SAUDE JARDIM AMERICA;AV AFONSO PENA;JARDIM AMERICA;-12,128;-61,851
9560742;11;110018;UBS PASTOR ISMAELINO SALVIANO DE MATOS;AVENIDA SAO PAULO;BELA VISTA;-11,65255;-61,19687
9566368;11;110004;UBS SAO MARCOS;RUA PROJETADA;SAO MARCOS;-11,41567;-61,40825
973483;11;110020;IARO INSTITUTO DE ALERGIA DE RONDONIA;SENADOR ALVARO MAIA;OLARIA;-8,75444;-63,90004
5599962;11;110070;UNIDADE BASICA DE SAUDE DISTRITO RIO BRANCO CAMPO NOVO;DISTRITO RIO BRANCO;ZONA RURAL;-10,26402;-64,05937
5083001;11;110040;UNIDADE BASICA DE SAUDE ZONA URBANA I;AVENIDA JORGE TEIXEIRA;CENTRO;-9,72302;-63,31878
7570902;11;110040;UNIDADE BASICA DE SAUDE ZONA URBANA II;AVENIDA JORGE TEIXEIRA;SETOR 01;-9,72642;-63,31895
6558267;11;110014;CENTRO DE SAUDE SETOR QUINZE;RUA MACHADO DE ASSIS;SETOR 15;-11,72239;-62,32868
2855518;11;110002;CENTRO DE SAUDE JARDIM ZONA SUL ARIQUEMES;RUA 16;JARDIM ZONA SUL;-9,94575;-63,01318
7388195;11;110092;UNIDADE SAUDE DA FAMILIA OLAIA ALVES DA SILVA;AV 25;CIDADE ALTA;-12,54589;-60,90629
2496380;11;110005;PSF FELIZ DR HERCILIO DA SILVA DUTRA;RUA FERNANDO DE NORONHA LOTE 5 1;BAIRRO FLORESTA;-13,19898;-60,82757
7906285;11;110010;POSTO DE SAUDE ALDEIA RIO NEGRO OCAIA;ALDEIA;ALDEIA RIO NEGRO OCA;-11,1811;-64,64973
2334798;11;110005;US DA FAMILIA FUND NAC DE SAUDE SETOR B DR HUMBERTO MUNIZ;AV DAS NACOES;CENTRO;-13,1887;-60,81802
2925354;11;110045;UBS SETOR 07;RUA SAO FRANCISCO DO GUAPORE;SETOR 07;-10,21199;-63,82936
7906315;11;110010;POSTO DE SAUDE ALDEIA LINHA 10;LINHA 10;LINHA 10;-10,62214;-65,01434
7906331;11;110010;POSTO DE SAUDE ALDEIA SAO LUIZ;ALDEIA SAO LUIZ;ALDEIA SAO LUIZ;-11,30771;-64,48425
7543115;11;110007;FRANCISCO SOARES DOS SANTOS;AVENIDA GUARAJUS;CENTRO;-12,962;-60,887
2806940;11;110033;CENTRO DE SAUDE ELENIZA FELIX DO CARMO;AVENIDA CECILIA MEIRELES;PLANALTO;-10,40423;-65,33298
3572080;11;110011;CENTRO REGIONAL DE RESSOCIALIZACAO AUGUSTO SIMON KEMPE;RO 463 KM 05;ZONA RURAL;-10,439;-62,466
5427037;11;110015;CENTRO DE SAUDE BOA ESPERANCA;RUA GONCALVES DIAS;AEROPORTO 2;-10,73653;-62,24372
5583608;11;110037;UNIDADE BASICA DE SAUDE VILA BOSCO;LH P 08 C 115 ESTENSAO AVENIDA COSTA E SILVA;DISTRITO;-12,128;-61,851
6139469;11;110060;UNIDADE BASICA DE SAUDE ESF URBANO;RUA JOAO BOAVA;SETOR 01;-10,34209;-62,90061
7327862;11;110110;UBS JACIR BONE;RUA JOAO SANTANA;CENTRO;-9,18785;-63,17757
7555180;11;110020;AMBULATORIO MEDICO ENESA;RODOVIA BR 364 KM 111;JACY PARANA;-8,762;-63,904
2784653;11;110030;UNIDADE BASICA DE SAUDE LIRO HOESEL;RUA IGNEZ ROSELLA;CRISTO REI;-12,725;-60,14514
7579187;11;110020;AMBULATORIO MEDICO J MALUCELLI;BR 364 KM 110 GLEBA CAPITAO SILA;ZONA RURAL;-8,762;-63,904
6132871;11;110143;UNIDADE BASICA DE SAUDE MARIA LUIZA;RUA DOM PEDRO I;SETOR I;-10,91428;-62,55376
4188969;11;110094;UNIDADE BASICA DE SAUDE JOAO SIQUEIRA;RUA TICOTICO;SETOR 05;-9,35808;-62,58205
5184886;11;110050;CENTRO DE SAUDE MIGRANTINOPOLIS;RUA 7 DE SETEMBRO;DISTRITO;-11,71208;-61,99997
7437064;11;110028;UBS JOSE FERREIRA MARTINS PLANALTO;RUA BARAO DE MELGACO;PLANALTO;-11,71253;-61,7798
4238028;11;110040;EQUIPE ATENCAO PRIMARIA URBANO;AVENIDA JORGE TEIXEIRA;CENTRO;-9,7228;-63,3187
879169;11;110092;UNIDADE SAUDE DA FAMILIA;RUA JORGE AMADO;SETOR 10;-12,55011;-60,89529
4261593;11;110012;CENTRO DE SAUDE JOSE DOS SANTOS;RUA AGUIA AZUL;ORLEANS;-10,9039;-61,90428
